Ульяновск|1 пер. Воровского|1|4|1-й пер. Воровского, 2-й пер. Воровского, ул. Воровского, ул. Вольная, 1-й Вольный пер., 2-й Вольный пер.
Ульяновск|1 пер. Локомотивный|2|1|1 пер. Локомотивный
Ульяновск|1 пер. Рабочий|13|1|1 пер. Рабочий, дома 9, 10, 11, 12, 13, 14, 2 пер. Рабочий, дома 10, 12, 14, 16
Ульяновск|1 пер. Робеспьера|31||1 пер. Робеспьера
Ульяновск|2 пер. Благодатный|25|2|2 пер. Благодатный, дома 25, 28, 30, 32, 34, 36
Ульяновск|2 пер. Кирова|12|1|2 пер. Кирова
Ульяновск|2 пер. Мира|11||2 пер. Мира
Ульяновск|2 пер. Народный|5|2|1 пер. Народный, 2 пер. Народный, 3 пер. Народный, ул. Самарская, дома 56, 60/17, 62, 64, 66/17, 68
Ульяновск|2 ул МТС|15|1|2 ул. МТС
Ульяновск|3 пер. Баумана|2|2|3 пер. Баумана, дома 2, 4, ул. Маяковского, дома 9, 7
Ульяновск|б-р Архитекторов|9|8|б-р Архитекторов, дома 9, 9/1, 9/2
Ульяновск|б-р Архитекторов|11|10|б-р Архитекторов, дома 11, 11/1, 11/2
Ульяновск|б-р Архитекторов|12|3|б-р Архитекторов, дома 10/4, 12, 14
Ульяновск|б-р Архитекторов|13|10|б-р Архитекторов, дома 13, 13/1, 13/2
Ульяновск|б-р Архитекторов|15|10|б-р Архитекторов, дома 15, 15/1, 15/2
Ульяновск|б-р Архитекторов|16|3|б-р Архитекторов, дома 16, 18, 20
Ульяновск|б-р Архитекторов|17|3|б-р Архитекторов, дом 17
Ульяновск|б-р Архитекторов|22|3|б-р Архитекторов, дома 22, 24, 26
Ульяновск|б-р Архитекторов|28|3|б-р Архитекторов, дом 28, ул. Скочилова, дома 23, 25
Ульяновск|б-р Новосондецкий|17|1|б-р Новосондецкий, дом 17
Ульяновск|Западный бульвар|1|4|Западный Бульвар, дом 1, Московское шоссе, дома 33, 37, пр-д Полтавский, дом 5
Ульяновск|Западный бульвар|18а|5|Западный Бульвар, дома 16, 16а, 18, 18а, ул. Достоевского, дома 13, 13а, 15, 17, 19, 20, 24
Ульяновск|Западный бульвар|28|4|Западный Бульвар, дома 24, 26, 28, пер. Октябрьский, дома 13, 14, 15а, 17а, ул. Автозаводская, дома 53, 53а, 55
Ульяновск|Московское шоссе|1ж|1|Московское шоссе, дом 1ж, к. 1
Ульяновск|Московское шоссе|1ж|1|Московское шоссе, дом 1ж, к. 2
Ульяновск|Московское шоссе|73|5|Московское шоссе, дома 67, 69, 71, ул. Терешковой, дом 1, 1а
Ульяновск|Московское шоссе|77|6|Московское шоссе, дома 77, 79, 81, ул. Полбина, дом 61а
Ульяновск|п. Ленинский пер. Удачный|2 А|5|п. Ленинский, пер. Удачный 2 А
Ульяновск|п. Ленинский пересечение ул. Светлая и ул. Рябиновая||3|п. Ленинский, ул. Светлая и ул. Рябиновая
Ульяновск|п. Ленинский ул. Лесная|41|3|п. Ленинский ул. Лесная
Ульяновск|п. Ленинский ул. Лесная|57|3|п. Ленинский ул. Лесная
Ульяновск|п. Ленинский ул. Лесная|69|3|п. Ленинский ул. Лесная
Ульяновск|п. Ленинский ул. Фестивальная|106|3|п. Ленинский ул. Фестивальная
Ульяновск|п. Ленинский ул. Фестивальная|96|3|п. Ленинский ул. Фестивальная
Ульяновск|п. Ленинский, пересечение ул. А.М. Разника и ул. Гвардии полковника Сергея Кузьминова||5|ул. А.М. Разника, ул. полковника Кузьминова, ул. Лесная, ул. Фестивальная
Ульяновск|п.Ленинский ул. Лесная|21|1|
Ульяновск|пер. Академика Павлова|32||пер. Академика Павлова, дома 6, 8, 10, 32, 34
Ульяновск|пер. Аношина|2|2|пер. Аношина, дома 2, 4, 6, 8, 10
Ульяновск|пер. Брюханова|1|2|пер. Брюханова, дом 1, 2
Ульяновск|пер. Буинский|14||пер. Буинский
Ульяновск|пер. Вольский|9|2|пер. Вольский, пер. Еланский, ул. Астрадамовская, ул. Кузоватовская, 2, 4, 6, 8, ул. Самарская, 2, 4
Ульяновск|пер. Диспетчерский|45|2|пер. Диспетчерский, дома 45, 39
Ульяновск|пер. Диспетчерский|51|2|пер. Диспетчерский, д. 51, 53
Ульяновск|пер. Кленский|12|2|пер. Кленский, дом 12
Ульяновск|пер. Малиновый|9|2|пер. Малиновый, дом 9
Ульяновск|пер. Мостостроителей|1||пер. Мостостроителей
Ульяновск|пер. Ореховый|3|1|пер. Ореховый
Ульяновск|пер. Рузаевский|12|2|пер. Рузаевский, дом 12
Ульяновск|пер. Рябиновый|1|3|пер. Рябиновый
Ульяновск|пер. Хрустальный||1|пер. Хрустальный, ул. Крылова, пер. Крылова
Ульяновск|пер. Чкалова|4|1|пер. Чкалова, дом 4
Ульяновск|пер. Швера|12|1|пер. Швера
Ульяновск|пер. Яблоневый|9|2|ул. Ботаническая
Ульяновск|перекресток ул. Жуковского и пер. Горького, пер. Тузова|||ул. Победы, 1 пер. Советский, 2 пер. Советский, 3 пер. Советский, 1 пер. Горького, пер. Тузова
Ульяновск|перекресток ул. Жуковского и пер. Партизанский (у "Магнита")||4|ул. Тельмана, ул. Победы, 1 пер. Советский, 2 пер. Советский, 3 пер. Советский, пер. Партизанский, пер. 9 Января, пер. Ушакова
Ульяновск|перекресток ул. Жуковского и пер. Хахарева||2|ул. Димитрова, 1 пер Советский, 2 пер. Советский, пер. Хахарева, пер. Степанова
Ульяновск|перекресток ул. Жуковского и ул. 19-го Партсъезда|||ул. XIX Партсъезда, ул. Победы, 1 пер. Советский, 2 пер. Советский, 3 пер. Советский, пер. 9 Января
Ульяновск|перекресток ул. Жуковского и ул. 8-го Марта|||ул. 8 Марта, 1 пер. Советский, 2 пер. Советский, 1 пер. Победы
Ульяновск|перекресток ул. Жуковского и ул. Волгоградская (напротив дома 6)||2|ул. Волгограддская, ул. Победы, ул. Ломоносова, 1 пер. Советский, 2 пер. Советский, 3 пер. Советский, 1 пер. Горького
Ульяновск|перекресток ул. Жуковского и ул. Лизы Чайкиной|||ул. Лизы Чайкиной, 1 пер. Советский, 2 пер. Советский, 1 пер. Молодежный, 2 пер. Победы
Ульяновск|перекресток ул. Жуковского и ул. Московская (напротив дома 5а)||5|ул. Московская, ул. Победы, ул. Котовского, ул. 9 Мая, 1 пер. Советский, 2 пер. Советский, 3 пер. Советский, 4 пер. Советский, пер. Ушакова, 2 пер. Горького, 1 пер. Огарева, 2 пер. Огарева
Ульяновск|перекресток ул. Жуковского и ул. Чкалова||2|ул. Чкалова, ул. Победы, ул. Ломоносова, 1 пер. Советский, 2 пер. Советский, 3 пер. Советский, 1 пер. Молодежный, 2 пер. Молодежный
Ульяновск|перекресток ул. Победы и 1-й пер. Победы (напротив дома 21)|||ул. Победы, ул. 8 Марта, ул. Чайкиной, 2 пер. Советский, 3 пер. Советский, 1 пер. Победы, 2 пер. Победы
Ульяновск|пересечение 1 пер. Мелекесский и ул. Чкалова (за церковью)|||ул. Мелекесская, 1 пер. Мелекесский, 2 пер. Мелекесский
Ульяновск|пересечение 1 ул. МТС и 2 ул. МТС||1|1 ул. МТС, 2 ул. МТС, 3 ул. МТС
Ульяновск|пересечение 3 пер. Кирова и ул. Кирова, дом 125||1|3 пер. Кирова, ул. Кирова
Ульяновск|пересечение пер. Гоголя и ул. Радищева||3|пер. Гоголя, ул. Радищева
Ульяновск|пересечение ул. 40-летия Октября и ул. 8 Марта||1|ул. 40-летия Октября, ул. 8 Марта, ул. 9 Мая
Ульяновск|пересечение ул. 40-летия Октября и ул. Панферова||2|ул. 40-летия Октября, ул. Панферова, 1 пер. 9 Мая, 2 пер. 9 Мая, 1 пер. Калининградский
Ульяновск|пересечение ул. Весенняя и 3 пер. Спортивный||1|ул. Весенняя
Ульяновск|пересечение ул. Волжская и ул. 8 Марта||2|ул. Волжская, ул. 8 Марта, ул. Мелекесская, 1 пер. Мелекесский, 2 пер. Мелекесский, 2 пер. Восточный, 4 пер. Советский, 1 пер. Победы
Ульяновск|пересечение ул. Волжская и ул. Волгоградская||2|ул. Волжская,ул. Волгоградская, ул. Ломоносова, 1 пер. Мелекесский, 3 пер. Мелекесский, 3 пер. Советский, 4 пер. Советский, пер. Добролюбова
Ульяновск|пересечение ул. Волжская и ул. Лизы Чайкиной||2|ул. Волжская, ул. Лизы Чайкиной,  ул. Мелекесская, 1 пер. Мелекесский, 2 пер. Мелекесский, 4 пер. Советский, 2 пер. Победы, пер. Великанова
Ульяновск|пересечение ул. Волжская и ул. Тельмана||2|ул. Волжская, ул. Тельмана,                ул. Марии Мусоровой, ул. Мелекес- ская, 3 пер. Советский, 4 пер. Совет- ский, пер. Партизанский,                       2 пер. Горького, 1 пер. Мелекесский,        3 пер. Мелекесский
Ульяновск|пересечение ул. Волжская и ул. Чкалова||2|ул. Волжская, ул. Чкалова, ул. Ломоносова, 2 пер. Мелекесский,       3 пер. Советский, 4 пер. Советский, пер. Сурикова
Ульяновск|пересечение ул. Врача Михайлова и ул. Котовского||1|ул. Победы, ул. Врача Михайлова, ул. Котовского, ул. Одесская, 1 пер. Советский, 1 пер. Огарева, 2 пер. Огарева
Ульяновск|пересечение ул. Димитрова и ул. Волжская||1|ул. Димитрова, ул. Волжская, ул. Мелекесская, 4 пер. Советский, 1 пер. Восточный, 1 пер. Мелекесский, 2 пер. Мелекесский
Ульяновск|пересечение ул. Димитрова и ул. Победы||4|ул. Димитрова, ул. Победы, пер. Хахарева, 2 пер. Советский, 3 пер. Советский, 1 пер. Восточный, 2 пер. Восточный
Ульяновск|пересечение ул. Ипподромная и ул. Спортивная||3|ул. Спортивная, ул. Беговая,                      ул. Ипподромная
Ульяновск|пересечение ул. Локомотивная, дом 171  и ул. Инзенская||1|ул. Локомотивная, ул. Инзенская
Ульяновск|пересечение ул. Призовая и 3-й пер. Спортивный||1|ул. Призовая
Ульяновск|пересечение ул. Семейная и ул. Восточная||2|кварталы "Г" и "Д" для многодетных семей в Заволжском р-не
Ульяновск|пересечение ул. Федерации и ул. Кролюницкого||1|ул. Федерации
Ульяновск|пересечение ул. Энтузиастов и ул. Глинки||2|ул. Энтузиастов, ул. Глинки
Ульяновск|пересечение ул. Богдана Хитрово (в районе дома 41) и ул.Отрадная ||1|ул. Богдана Хитрово
Ульяновск|пересечение улиц Стартовая и Семейная||3|ПКИЗ "Дружба-2"
Ульяновск|пл. Академика Тулайкова|42||площадь Академика Тулайкова
Ульяновск|посёлок 901 км||1|посёлок 901 км
Ульяновск|пр-д Караганова|3|3|пр-д Караганова, дома 2, 3, 4, 5, 6, 8, Московское шоссе, дом 41, ул. Полбина, дом 25, пр-кт 50-летия ВЛКСМ, дома 1, 3, 5, 11, 13
Ульяновск|пр-д Менделеева|4|5|пр-д Менделеева, дома 1, 4, 6, 8, пр-д Сиреневый, дома 2, 3, 6, 10, ул. Тельмана, дома 1, 3, 5
Ульяновск|пр-д Полбина|6|5|пр-д Полбина, дома 2, 4, 6,8
Ульяновск|пр-д Полбина|18|4|пр-д Полбина, дома 14 16, 18, пр-т 50-летия ВЛКСМ, дома 21, 23
Ульяновск|пр-кт 50-летия ВЛКСМ|2|1| 
Ульяновск|пр-кт Врача Сурова|26||пр-кт Врача Сурова, дом 26
Ульяновск|пр-кт Гая|20|2|пр-кт Гая, 20
Ульяновск|пр-кт Гая|37|2|пр-кт Гая, дом 37
Ульяновск|пр-кт Гая|39|5|пр-кт Гая, дома 39, 41
Ульяновск|пр-кт Гая|45а|2|пр-кт Гая, дом 45 А
Ульяновск|пр-кт Гая|46|1|пр-кт Гая, дом  46
Ульяновск|пр-кт Гая|87б|3|пр-кт Гая, дома 87, 87а, 87б
Ульяновск|пр-кт Генерала Тюленева|6б|3|пр-кт Генерала Тюленева, дом 6б
Ульяновск|пр-кт Зырина||1|
Ульяновск|пр-кт Зырина||2|
Ульяновск|пр-кт Маршала Устинова|16|3|пр-кт Маршала Устинова, дом 16
Ульяновск|пр-кт Маршала Устинова|18|2|пр-кт Маршала Устинова, дом 18
Ульяновск|пр-кт Маршала Устинова|20|3|пр-кт Маршала Устинова, дом 20
Ульяновск|пр-кт Маршала Устинова|22|2|пр-кт Маршала Устинова, дом 22
Ульяновск|пр-кт Нариманова|1|4|пр-кт Нариманова, дома 1, 3, 5, 7, 9 (промтоварный магазин "Кристалл-Электроцентр")
Ульяновск|пр-кт Нариманова|21|1|пр-кт Нариманова, дома 17, 19, 21, 23, ул. Ватутина, дома 8, 10, 12, 11/1, 13, пер. Ватутина, дом 8, ул. Немировича-Данченко, дом 5
Ульяновск|пр-кт Нариманова|43|3|пр-кт Нариманова, дома 41, 43, 45, 47, ул. Ватутина, дома 34, 36, 44, 3 пер. Зои Космодемьянской, дом 3
Ульяновск|пр-кт Нариманова|71|5|пр-кт Нариманова, дома 67, 69, 71, 73, ул. Ватутина, дом 64
Ульяновск|пр-кт Нариманова|76|4|пр-кт Нариманова, дома 74, 76, 78, 82, 84, 88, ул. Гафурова, дома 11, 11а, 16, 18, ул. Докучаева, дом 2
Ульяновск|пр-кт Нариманова|112|4|пр-кт Нариманова, дома 110, 112, 114, ул. Гафурова, дома 43, 45, 47, ул. Орджоникидзе, дом 1
Ульяновск|пр-кт Нариманова|136|2|пр-кт Нариманова, дом 136
Ульяновск|пр-кт Нариманова|138|2|пр-кт Нариманова, дом 138
Ульяновск|пр-кт Нариманова|140|2|пр-кт Нариманова, дом 140
Ульяновск|пр-кт Нариманова|142|2|пр-кт Нариманова, дом 142
Ульяновск|пр-кт Туполева|3|1|пр-кт Туполева, дом 3
Ульяновск|пр-т Дружбы Народов|19|1|
Ульяновск|пр-т Дружбы Народов|19|1|
Ульяновск|пр-т Ливанова|30|2|
Ульяновск|пр-т Маршала Устинова|26|2|пр-т Маршала Устинова, 26
Ульяновск|пр-т Маршала Устинова|24|2|пр-т Маршала Устинова, 24
Ульяновск|спуск Минаева|18|3|спуск Минаева, ул. Свободы, ул. Каштанкина
Ульяновск|спуск Степана Разина|26|1|спуск Степана Разина, дом 26
Ульяновск|спуск Халтурина|12|1|спуск Халтурина, дом 12
Ульяновск|УКСМ|13|3|УКСМ, дом 13
Ульяновск|ул. 1 Мая|18|1|ул. 1 Мая
Ульяновск|ул. 1 Мая|23|1|ул. 1 Мая, пер.1 Мая
Ульяновск|ул. 12 Сентября|83|5|ул. 12 Сентября, дома 83, 87, 85, ул. Малосаратовская, дома 5, 7, 8
Ульяновск|ул. 12 Сентября|91/1||ул. 12 Сентября, д. 91/1
Ульяновск|ул. 154 Стрелковой Дивизии|52|2|ул. 154 Стрелковой Дивизии, дом 52
Ульяновск|ул. 154 Стрелковой Дивизии|58|2|ул. 154 Стрелковой Дивизии, дома № 54, 56, 58
Ульяновск|ул. 4 Пятилетки|19|1|ул. 4 пятилетки
Ульяновск|ул. 40-летия Октября|25||пр-д Мендеева, дом 11, ул. 40-летия Октября, дома 25, 31
Ульяновск|ул. 40-летия Октября|36|1|ул. 40-летия Октября, ул. 9 Мая
Ульяновск|ул. 40-летия Октября|56|1|ул. 40-летия Октября, ул. 9 Мая, ул. Тельмана
Ульяновск|ул. 40-летия Октября (Оренбургская, д. 34 А )|136||ул. 40 летия-Октября, ул. Оренбургская, ул. Калининградская, 2 пер. Калининградский, 2 пер. Гладышева, 3 пер. Гладышева, 4 пер. Гладышева
Ульяновск|ул. 8 Марта|7|2|ул. 8 Марта, дома 7, 8, 9, ул. 9 Мая, дома 8, 10, 11, 12, 13, 14, 15, 16, 17, ул. Жуковского, дома 9, 11, 17, 19
Ульяновск|ул. 9 Мая|2|2|ул. 9 Мая, дома 1, 2, 3, 4, 5, 6, 7, 8, 9, ул. Жуковского, дома 1, 5, 7,            ул. Димитрова, дом 13
Ульяновск|ул. 9 Мая|42|2|ул. 9 Мая, дома 33, 35, 37, 38, 39, 40, 41, 42, 43, ул. Жуковского, дома 39, 41, 43
Ульяновск|ул. 9 Мая|56|2|ул. 9 Мая, дома 45, 47, 48, 49, 50, 51, 52, 53, 54, 55, 56, 57, 58, 59, 61,            ул. Жуковского, дома 47, 49, 51, 52, 55, 57
Ульяновск|ул. Аблукова|15|6|ул. Пушкарева, дом 6а, ул. Аблукова, дом 15
Ульяновск|ул. Аблукова|10|4|
Ульяновск|ул. Аблукова|6|4|
Ульяновск|ул. Аблукова|16|4|ул. Аблукова, дом 16, 18
Ульяновск|ул. Аблукова|18|4|ул. Аблукова, дом 18, 20
Ульяновск|ул. Аблукова|20|4|ул. Аблукова, дом 18, 20
Ульяновск|ул. Автозаводская|30|2|ул. Ростовская, дома 19, 21, 23, 25, 27, 29, 31, 33, 26, ул. Автозаводская, дома 30, 32, 34, ул. Октябрьская, дома 4, 4а, 6, 8
Ульяновск|ул. Автозаводская|37|2|ул. Автозаводская, дома 33, 35, 37, 37а, 39
Ульяновск|ул. Автомобилистов|7а|4|ул. Автомобилистов, дом 7а
Ульяновск|ул. Азовская|84б|1|ул. Азовская, дом 84 Б
Ульяновск|ул. Академика Павлова|18|3|ул. Академика Павлова, дом 18
Ульяновск|ул. Академика Павлова|59|1|ул. Академика Павлова, дома 59, 64
Ульяновск|ул. Академика Павлова|81||ул. Академика Павлова, дома 73, 75, 77, 79, 81, 83
Ульяновск|ул. Академика Павлова|109|1|ул. Академика Павлова, дома 107, 109, 113, 117
Ульяновск|ул. Академика Павлова|19|1|ул. Академика Павлова, ул. Майская гора, ул. Крайняя, пер. Крайний
Ульяновск|ул. Академика Сахарова|14|2|ул. Академика Сахарова, дома 6, 8, 10, 12, 14, 16, 18
Ульяновск|ул. Александра Матросова|26|2|ул. Ленина, дома 77, 79, 108, 122, 140, ул. Александра Матросова, дом 17, 19, 20, 21, 22, 23
Ульяновск|ул. Александра Невского|2б|4|ул. Александра Невского, дом 2 Б к. 1
Ульяновск|ул. Александра Невского|2б|4|ул. Александра Невского, дом 2 Б к. 2
Ульяновск|ул. Александра Невского|2б|4|ул. Александра Невского, дом 2 Б к. 3
Ульяновск|ул. Александра Невского|2б|4|ул. Александра Невского, дом 2 Б к. 4
Ульяновск|ул. Александра Невского|2б|4|ул. Александра Невского, дом 2 Б к. 5
Ульяновск|ул. Александра Невского|103|2|ул. Александра Невского, дом 103
Ульяновск|ул. Александровская|54|1|ул. Александровская 50, 52, 54, 56
Ульяновск|ул. Артема|20|4|ул. Артема
Ульяновск|ул. Балтийская|5||ул. Балтийская, дома 1, 5, 8, 9
Ульяновск|ул. Балтийская|13|3|ул. Балтийская, дома 10, 11, 12, 13
Ульяновск|ул. Балтийская|16|1|ул. Балтийская, дома 15, 16
Ульяновск|ул. Балтийская|17|2|ул. Балтийская, дома 7, 17, 23
Ульяновск|ул. Балтийская|24||ул. Балтийская, дом 24
Ульяновск|ул. Бари Тарханова|40|1|ул. Бари Тарханова, дом 40
Ульяновск|ул. Бари Тарханова|51|1|ул. Бари Тарханова, дом 51
Ульяновск|ул. Бари Тарханова|18|1|
Ульяновск|ул. Бари Тарханова|78|1|
Ульяновск|ул. Бари Тарханова|54|1|
Ульяновск|ул. Баумана|13|1|ул. Баумана
Ульяновск|ул. Баумана|99|2|ул. Баумана
Ульяновск|ул. Баумана|121|2|ул. Баумана
Ульяновск|ул. Бебеля|16|2|ул. Бебеля, дом 16
Ульяновск|ул. Бебеля|36|2|ул. Бебеля, дома 18, 29, 36
Ульяновск|ул. Бебеля|40а|1|ул. Бебеля
Ульяновск|ул. Бебеля|52|1|ул. Бебеля
Ульяновск|ул. Белинского|14|3|ул. Белинского
Ульяновск|ул. Белинского|26|2|ул. Белинского
Ульяновск|ул. Белинского|53|2|ул. Белинского
Ульяновск|ул. Белинского|82|2|ул. Белинского
Ульяновск|ул. Беляева|65|1|ул. Беляева, 65
Ульяновск|ул. Богдана Хитрово|94|2|ул. Богдана Хитрово
Ульяновск|ул. Богдана Хитрово|131|1|ул. Александровская 159, 161, 165, 167, 169, 171, 173, ул.Богдана Хитрово, 131
Ульяновск|ул. Богдана Хмельницкого|2а|2|ул. Богдана Хмельницкого, дом 2а
Ульяновск|ул. Бородина||4|ул. Бородина
Ульяновск|ул. Ботаническая|20|2|ул. Ботаническая
Ульяновск|ул. Ботаническая|70|3|ул. Ботаническая
Ульяновск|ул. Ботаническая|81|2|ул. Ботаническая
Ульяновск|ул. Ботаническая|103|2|ул. Ботаническая
Ульяновск|ул. Ботаническая|156|1|ул. Ботаническая
Ульяновск|ул. Ботаническая|162|2|ул. Ботаническая
Ульяновск|ул. Брестская|84/1||ул. Брестская, 84/1, 84/2, 84/3
Ульяновск|ул. Брестская|78б|1|ул. Брестская, дом 78 Б
Ульяновск|ул. Брестская|18а||ул. Брестская, ул. 40-летия Комсомола, ул. Днепропетровская, ул. Марии Мусоровой, ул. Светлая, ул. Языкова, 1 пер. Тимуровский, 2 пер. Одесский, 3 пер. Одесский, 1 пер. Днепропетровский, 2 пер. Днепропетровский, 3 пер. Днепропетровский, пер. Нахимова, 1 пер. Светлый, 2 пер. Светлый, 3 пер. Светлый, пер. Языкова
Ульяновск|ул. Брестская|42|5|ул. Брестская, ул. Марии Мусоровой, ул. Языкова, 2 пер. Тимуровский, 1 пер. Деева, 2 пер. Деева, 1 пер. Брестский, 2 пер. Брестский, 3 пер. Брестский
Ульяновск|ул. Варейкиса|2|3|ул. Варейкиса, дом 2
Ульяновск|ул. Варейкиса|3|3|ул. Варейкиса, дома 1, 3, 5, пр-кт Гая, дом 55
Ульяновск|ул. Варейкиса|5а|1|ул. Варейкиса, дом 5а, пр-кт Гая, дом 55
Ульяновск|ул. Варейкиса|9|5|ул. Варейкиса, дома 9, 11, 13, 15 А
Ульяновск|ул. Варейкиса|12|4|ул. Варейкиса, дома 12, 14
Ульяновск|ул. Варейкиса|24|4|ул. Варейкиса, дома 22, 24
Ульяновск|ул. Варейкиса|38|2|ул. Варейкиса, дом 38
Ульяновск|ул. Ватутина|13|2|ул. Ватутина
Ульяновск|ул. Ватутина|64|5|ул. Ватутина
Ульяновск|ул. Ватутина|79|2|ул. Ватутина
Ульяновск|ул. Верхнеполевая|9/2а|3|ул. Верхнеполевая
Ульяновск|ул. Верхнеполевая|24|6|ул. Верхнеполевая
Ульяновск|ул. Верхнечасовенная|42||ул. Верхнечасовенная, ул. Дружная, ул. Привольная
Ульяновск|ул. Ветеринарная|1|1|ул. Ветеринарная
Ульяновск|ул. Ветеринарная (лесхоз)||1|ул. Ветеринарная
Ульяновск|ул. Вокзальная|48||ул. Вокзальная
Ульяновск|ул. Волжская|80А|2|ул. Волжская, ул. XIX Партсъезда, ул. Мелекесская, 1 пер. Мелекесский, 3 пер. Мелекесский, 3 пер. Советский, 4 пер. Советский, пер. XIX Партсъезда, пер. 9 Января
Ульяновск|ул. Вольная|2|2|ул. Вольная, дома 2, 4, ул. Бабушкина, 1 пер. Бабушкина, 2 пер. Бабушкина, 3 пер. Бабушкина
Ульяновск|ул. Воробьева|52|3|ул. Воробьева
Ульяновск|ул. Воровского|30|2|ул. Воровского
Ульяновск|ул. Врача Михайлова|33|7|ул. Врача Михайлова, дома 31, 33, 35, ул. 40 летия Октября, дома 31, 33, 35
Ульяновск|ул. Гагарина|16|2|ул. Гагарина, дом 16
Ульяновск|ул. Гагарина|28|1|ул. Гагарина, дом 28, 26, ул. Кролюницкого, дома 6, 8, 10, 12
Ульяновск|ул. Гафурова|9|4|ул. Фурманова, ул. Гафурова
Ульяновск|ул. Генерала Мельникова|7|3|ул. Камышинская, дома 79, 71, ул. Генерала Мельникова, дома 9, 7, 5
Ульяновск|ул. Герасимова|7|2|ул. Ефремова, дома 40, 42, ул. Станкостроителей, дома 3, 7, ул. Герасимова, дома 1, 3, 5, 7
Ульяновск|ул. Герасимова|11|3|ул. Герасимова, дом 11, 13, 15, ул. Богдана Хмельницкого, дома 2, 4, 6, 8, 10, ул. Ефремова, дома 32, 34
Ульяновск|ул. Герасимова|25|1|ул. Герасимова, дом 25
Ульяновск|ул. Герасимова|29|3|ул. Герасимова, дом 27, 29, 35, 37, ул. Стасова, дом 8, ул. Ефремова, дома 16, 17, 20, 24, 26
Ульяновск|ул. Героев Свири|8|1|ул. Героев Свири, дома 6, 8
Ульяновск|ул. Гончарова|1|4|ул. Гончарова, дом 1
Ульяновск|ул. Гончарова|5|3|ул. Гончарова, дом 5, ул. Карла Либкнехта
Ульяновск|ул. Гончарова|7|4|ул. Гончарова, дом 7, ул. Карла Либкнехта
Ульяновск|ул. Гончарова|8|3|ул. Гончарова, дом 8
Ульяновск|ул. Гончарова|22|4|ул. Гончарова, дома 22, 24
Ульяновск|ул. Гончарова|56|2|ул. Гончарова, дом 56, б-р Пластова, дома 4, 6
Ульяновск|ул. Городская Усадьба|101|3|ул. Городская Усадьба
Ульяновск|ул. Городская усадьба (со стороны Сельдинского шоссе)|||ул. Городская Усадьба
Ульяновск|ул. Горького|2а|1|ул. Горького, дома 1, 2а, 3, 4, ул. Лихачева, дома 18а, 20а, 7, ул. Ростовская, дома 6, 8, 9, 10, 11, 13
Ульяновск|ул. Гусева|1|1|ул. Гусева
Ульяновск|ул. Дачная|60|1|ул. Дачная
Ульяновск|ул. Державина|9а|3|ул. Державина, дом 9а
Ульяновск|ул. Дзержинского|3|3|ул. Дзержинского
Ульяновск|ул. Димитрова|4|3|ул. Димитрова, дома 4, 6
Ульяновск|ул. Диспетчерская|3|1|ул. Диспетчерская, дома 3, 5, 8
Ульяновск|ул. Диспетчерская|9|1|ул. Диспетчерская, дома 7, 9, 11
Ульяновск|ул. Диспетчерская|12|2|ул. Диспетчерская, дома 4, 6, 10, 12
Ульяновск|ул. Доватора|3б|1|ул. Доватора, дом 3б
Ульяновск|ул. Доватора|16|2|ул. Доватора, дом 16
Ульяновск|ул. Доватора|30|3|ул. Рябикова, дом 3, ул. Севастопольская, дома 2, 4, ул. Доватора, дома 20, 24, 26, 30, 32, 34, 36, 38
Ульяновск|ул. Достоевского|7|2|ул. Достоевского, дом 7, ул. Автозаводская, дома 10, 12, 14
Ульяновск|ул. Ефремова|4|2|ул. Ефремова, дома 1, 2, 4, 10, 14, ул. Доватора, дом 8, ул. Герасимова, дом 39
Ульяновск|ул. Ефремова|24|3|ул. Богдана Хмельницкого, дома 1, 3, 5, 7, 9, ул. Герасимова, дома 21, 23, 27
Ульяновск|ул. Ефремова|103|7|ул. Ефремова, дома 93, 95, 103
Ульяновск|ул. Ефремова|113|4|ул. Ефремова, дома 111, 113, ул. Камышинская, дома 42, 48, 50
Ульяновск|ул. Железнодорожная|1|5|ул. Железнодорожная, дома 1, 3, 5, 7, 9
Ульяновск|ул. Железнодорожная|25|3|ул. Железнодорожная, дом 19, 25
Ульяновск|ул. Железнодорожная|31|2|ул. Железнодорожная, дом 29, 31, 33
Ульяновск|ул. Жигулевская|40а|1|
Ульяновск|ул. Жуковского|89||ул. Московская, дома 4, 6, 8, ул. Жуковского, дома 73, 77, 79, 81, 83, 89, ул. 9 Мая, дома 72, 74, 76, 78, 80
Ульяновск|ул. Жуковского|25|2|ул. Жуковского, дома 21, 23, 25, 27, ул. 9 Мая, дома 18, 19, 20, 21, 22, 23, 24, 25, 26, 27, 28
Ульяновск|ул. Жуковского|35|2|ул. Жуковского, дома 29, 31, 33, 35, 37, ул. 9 Мая, дома 29, 30, 31, 32, 33, 34, 36
Ульяновск|ул. Заречная|11|1|ул. Заречная, дома 11, 27, 29
Ульяновск|ул. Заречная|29|2|ул. Заречная, дом 29
Ульяновск|ул. Защитников Отечества|7|2|ул. Защитников Отечества,   дома 7, 9
Ульяновск|ул. Защитников Отечества|северо-восточнее дома 2|5|пр-кт Гая, дом 100
Ульяновск|ул. Звездная|1|2|ул. Звездная
Ульяновск|ул. Звездная|37|6|ул. Звездная
Ульяновск|ул. Зеленая|1|1|ул. Зеленая
Ульяновск|ул. Ипподромная|4 А|4|ул. Ипподромная, д. 4А,
Ульяновск|ул. Ипподромная|4 Б|5|ул. Ипподромная, д. 4 Б
Ульяновск|ул. Ипподромная|4 В|2|ул. Ипподромная, д. 4 В
Ульяновск|ул. Кадьяна|3|2|ул. Кадьяна, дома 1а, 3, 5, 7
Ульяновск|ул. Кадьяна|11|2|ул. Кадьяна, дома 9, 11, 13
Ульяновск|ул. Калинина|60|1|ул. Калинина
Ульяновск|ул. Камышинская|49|5|ул. Камышинская, дома 49, 55, 57,  АО "Тандер"
Ульяновск|ул. Камышинская|73|4|ул. Камышинская, дома 65, 67, 69, 73, 75
Ульяновск|ул. Камышинская|77|4|ул. Мельникова, дома 1, 3, 1а, 1б, ул. Камышинская, дом 77
Ульяновск|ул. Камышинская|83б|4|ул. Камышинская, дома 81, 83а, 83б, ул. Мельникова, дом 2
Ульяновск|ул. Камышинская|83г|4|ул. Камышинская, дома 83, 83в, 83г
Ульяновск|ул. Камышинская|85а|4|ул. Камышинская, дома 85, 85а, 87
Ульяновск|ул. Камышинская|89а|4|ул. Камышинская, дома 89, 89а, 89б, 89в
Ульяновск|ул. Камышинская|91а|4|ул. Камышинская, дома 91, 91а, 91б, 91в, 93
Ульяновск|ул. Камышинская|101|4|ул. Камышинская, дома 95, 97, 99, 101, ул. 154-ой стрелковой дивизии, дома 2, 4
Ульяновск|ул. Камышинская|117||ул. Камышинская д. 113, 115, 117, 119
Ульяновск|ул. Камышинская|117|1|ул. Камышинская, д. 117
Ульяновск|ул. Камышинская|70|1|ул. Камышинская, д. 70
Ульяновск|ул. Камышинская|133|1|ул. Камышинская 133
Ульяновск|ул. Камышинская|105|1|ул. Камышинская, 105, 107, 109
Ульяновск|ул. Карамзинская|28|2|ул. Карамзинская, ул. Кирова, пер. Сенгилеевский
Ульяновск|ул. Карбышева|2а|3|ул. Карбышева, дом 2 А, б-р Киевский, дом 9
Ульяновск|ул. Карла Либкнехта|50|3|ул. Карла Либкнехта, дома 50, 30, 32, ул. Александра Матросова, дом 5
Ульяновск|ул. Карла Маркса|41|2|ул. Карла Маркса, дом 41
Ульяновск|ул. Карла Маркса|49|2|ул. Карла Маркса, дом 49
Ульяновск|ул. Карла Маркса|57|3|ул. Карла Маркса, дом 57
Ульяновск|ул. Карла Маркса|77|2|ул. Карла Маркса, дом 77
Ульяновск|ул. Карла Маркса|109|1|ул. Карла Маркса, дом 109
Ульяновск|ул. Киндяковых|33|2|ул. Киндяковых, дом 33
Ульяновск|ул. Киндяковых|38|2|ул. Киндяковых, дом 38
Ульяновск|ул. Кирова|2|3|ул. Кирова, дом 2, к. 1
Ульяновск|ул. Кирова|25|1|ул. Кирова, дом 25
Ульяновск|ул. Кирова|41|5|1 пер. Кирова, ул. Кирова
Ульяновск|ул. Кольцевая|5|1|ул. Кольцевая, дом 5
Ульяновск|ул. Кольцевая|8а|1|ул. Кольцевая, д. 8а
Ульяновск|ул. Кольцевая|35|2|ул. Кольцевая, д.35, 37
Ульяновск|ул. Королевская|19||ул. Королевская, ул. Новослободская
Ульяновск|ул. Корюкина|17|2|ул. Корюкина, 17
Ульяновск|ул. Красноармейская|4|3|ул. Красноармейская
Ульяновск|ул. Красноармейская|10|2|ул. Красноармейская
Ульяновск|ул. Красноармейская|20|3|ул. Красноармейская
Ульяновск|ул. Красноармейская|34|1|ул. Красноармейская
Ульяновск|ул. Красноармейская|42|2|ул. Красноармейская
Ульяновск|ул. Красноармейская|69|3|ул. Красноармейская
Ульяновск|ул. Красноармейская|76|3|ул. Красноармейская
Ульяновск|ул. Красноармейская|113|5|ул. Красноармейская
Ульяновск|ул. Краснопролетарская|4|1|ул. Краснопролетарская, дом 4
Ульяновск|ул. Краснопролетарская|6|2|ул. Краснопролетарская, дом 6
Ульяновск|ул. Краснопролетарская|10|2|ул. Краснопролетарская, дом 10, 12
Ульяновск|ул. Краснопролетарская|17|2|ул. Краснопролетарская, дом 17
Ульяновск|ул. Кролюницкого|18|4|ул. Кролюницкого, дом 18
Ульяновск|ул. Крымова|16|3|ул. Крымова
Ульяновск|ул. Крымова|47|1|ул. Крымова
Ульяновск|ул. Кузнецова|11|1|ул. Кузнецова, дом 11
Ульяновск|ул. Кузоватовская|13|2|ул. Кузоватовская, 7, 9, 11а, 13а, 15а, пер. Кленский
Ульяновск|ул. Л. Шевцовой|55а|3|ул. Л. Шевцовой
Ульяновск|ул. Ленина|10|2|ул. Ленина, дом 10
Ульяновск|ул. Ленина|24|2|ул. Ленина, дом 24
Ульяновск|ул. Ленина|57|1|ул. Ленина, дома 55, 57,            ул. Железной Дивизии, дома 26, 28
Ульяновск|ул. Ленина|60|2|ул. Ленина, дом 60
Ульяновск|ул. Ленина|109|2|ул. Ленина, 99, 101, 109
Ульяновск|ул. Ленина|130|3|ул. Ленина, дом 130
Ульяновск|ул. Ленинградская|8|1|ул. Ленинградская, дом 8
Ульяновск|ул. Ленинградская|15|4|ул. Ленинградская, дом 15, 17
Ульяновск|ул. Ленинградская|18|3|ул. Ленинградская, дом 18, 20, 22, ул. 1 Линия
Ульяновск|ул. Ленинградская|21|4|ул. Ленинградская, дома 19, 21, ул. Советской Армии, дома 5, 6, 7, 8, 9, 10, 12
Ульяновск|ул. Лесоводов|1|1|ул. Лесоводов, дом 1
Ульяновск|ул. Лихачева|4, 4а|4|ул. Лихачева, дома 2, 2а, 4, 4а
Ульяновск|ул. Лихачева|5|2|Московское шоссе, дом 21, ул. Автозаводская, дома 2, 4, 6, 8, ул. Полбина, дома 2, 4, 11, ул. Лихачева, дома 2, 5
Ульяновск|ул. Лихачева|15|2|ул. Лихачева, дома 11, 13, 14, 15, 16, ул. Горького, дома 7, 9, ул. Автозаводская, дом 18
Ульяновск|ул. Лихачева|25|2|ул. Лихачева, дома 18, 20, 21, 22, 23, 24, 25, ул. Октябрьская, дом 9, ул. Горького, дома 10, 19, ул. Автозаводская, дома 20, 24
Ульяновск|ул. Локомотивная|5|5|ул. Локомотивная, дома 3, 5
Ульяновск|ул. Локомотивная|15|2|ул. Локомотивная, дом 15, ул. Трудовая, дом 4
Ульяновск|ул. Локомотивная|31|4|ул. Локомотивная, дом 29, пр-кт Гая, дома 10, 8, 12, 14, 22
Ульяновск|ул. Локомотивная|70|1|ул. Локомотивная, дом 70
Ульяновск|ул. Локомотивная|88|3|ул. Локомотивная, дома 82, 84, 86, 88
Ульяновск|ул. Локомотивная|104|3|ул. Локомотивная, дом 104
Ульяновск|ул. Локомотивная|136|1|ул. Локомотивная, дома 134, 136, ул. Амурская, дома 41, 43
Ульяновск|ул. Локомотивная|154|2|ул. Локомотивная, дом 154
Ульяновск|ул. Локомотивная|145|1|ул. Локомотивная, ул. Дружбы
Ульяновск|ул. Локомотивная|191|1|ул. Локомотивная, 1 пер. Амурский
Ульяновск|ул. Луначарского|3|6|ул. Луначарского, дом 3, пр-кт Гая, дома 23, 23 А, 23 Б
Ульяновск|ул. Луначарского|5|2|пр-кт Гая, дом 21 А, ул. Луначарского, дома 5, 7, 9, 11
Ульяновск|ул. Луначарского|23б|3|ул. Луначарского, дома 23а, 23б
Ульяновск|ул. Луначарского|23в|5|ул. Луначарского, дом 23в
Ульяновск|ул. Луначарского|23в|5|ул. Луначарского, дом 23в, к. 1
Ульяновск|ул. Льва Толстого|47|1|ул. Льва Толстого, дом 47
Ульяновск|ул. Льва Толстого|65|1|ул. Льва Толстого, дом 65
Ульяновск|ул. Любови Шевцовой|6|4|пр-кт Нариманова, дома 92, 94, 90, 96, 98, 100, ул. Гафурова, дома 23, 27, 29, ул. Мичурина, дома 4, 6, ул. Любови Шевцовой, дом 4, 6
Ульяновск|ул. Любови Шевцовой|59б|1|ул. Любови Шевцовой, дом 59б
Ульяновск|ул. Марата|3|1|ул. Марата, дом 3
Ульяновск|ул. Марата|4|1|ул. Марата, дом 4
Ульяновск|ул. Маяковского|12|2|ул. Маяковского, дом 12
Ульяновск|ул. Маяковского|15|2|ул. Маяковского, 11, 13, 14, 15, 16, 1-й пер. Маяковского, 7
Ульяновск|ул. Маяковского|19|3|ул. Маяковского, дома 17, 19, 21, 23
Ульяновск|ул. Маяковского|39|2|ул. Маяковского, дом 39
Ульяновск|ул. Металлистов|1|1|ул. Металлистов, дома 1а, 2а, 3, 4, 5, 6, 10, 12
Ульяновск|ул. Металлистов|19|3|ул. Металлистов, дома 17, 19, ул. Краснопролетарская, дом 18
Ульяновск|ул. Минаева|15|4|ул. Минаева, дом 15
Ульяновск|ул. Минаева|40|4|ул. Минаева, дома 36, 38, 40, ул. III Интернационала, дома 2, 4, 6
Ульяновск|ул. Минаева|44|5|ул. Минаева, дом 42
Ульяновск|ул. Минина|13|7|ул. Минина, дома 11, 13, 17, 19, 21, 23, 25, 27, ул. Пожарского, дома 11, 23, 27
Ульяновск|ул. Минина|50|4|ул. Минина, дом 50
Ульяновск|ул. Мира|11|2|ул. Мира, дом 11, 2-й пер. Мира, д. 37
Ульяновск|ул. Мира|41|2|ул. Мира
Ульяновск|ул. Можайского|6|1|ул. Можайского, дом 6
Ульяновск|ул. Моряков|11|1|ул. Моряков, ул. Лунная
Ульяновск|ул. Мостостроителей|3|2|ул. Мостостроителей, дома 1, 1 А, 3, 7, 9, 11, 13, 17
Ульяновск|ул. Мостостроителей|6|3|ул. Мостостроителей, 2, 4, 6, 8, 10, 12, 14, 16
Ульяновск|ул. Мостостроителей|24|2|ул. Мостостроителей, дома 18, 19, 20, 20а, 21, 21а, 22, 22а, 23, 23а, 24, 25, 26, 26а, 27, 28, 28а, 29, 30, 31
Ульяновск|ул. Мостостроителей|41|2|ул. Мостостроителей, дома 32, 34, 35, 37, 39, 41, 43, 44, 45, 46, 47
Ульяновск|ул. Мостостроителей|48|2|ул. Мостостроителей, дома 42, 48, 49, 55
Ульяновск|ул. Мостостроителей|62|1|ул. Мостостроителей, дома 56, 58, 59, 60, 61, 62
Ульяновск|ул. Мостостроителей|63|2|ул. Мостостроителей, дома 63, 64, 65, 66, 66а, 67, 68, 68а, 69, 10, 70а
Ульяновск|ул. Мостостроителей|73|2|ул. Мостостроителей, дома 71, 72, 72а, 73, 74а, 75, 76а, 77, 78а, 79, 80а, 81, 83
Ульяновск|ул. Набережная реки Свияги|138|1|ул. Набережная реки Свияги, дом 138
Ульяновск|ул. Набережная реки Свияги|162|2|ул. Набережная реки Свияги, дом 162
Ульяновск|ул. Нагорная|2|1|ул. Нагорная, дом 2
Ульяновск|ул. Нахимова|2|1|ул. Нахимова, дома 1, 2, 3, 4, 5, 6, 7, 8, 10, 11
Ульяновск|ул. Нахимова|13|5|ул. Нахимова, дом 13
Ульяновск|ул. Нахимова|17|1|ул. Нахимова, дом 17
Ульяновск|ул. Нахимова|23|1|ул. Нахимова, дом 23
Ульяновск|ул. Нахимова|25|1|ул. Нахимова, дом 25
Ульяновск|ул. Нахимова|27|1|ул. Нахимова, дом 27
Ульяновск|ул. Нижнетатарская|9|2|ул. Нижнетатарская, дом 9
Ульяновск|ул. Новая|2|1|ул. Новая, 2
Ульяновск|ул. Новосвияжский пригород||1|ул. Новосвияжский пригород
Ульяновск|ул. Новосибирская|18|4|ул. Новосибирская
Ульяновск|ул. О. Кошевого|4|2|ул. О. Кошевого
Ульяновск|ул. О. Кошевого|111|2|ул. О. Кошевого
Ульяновск|ул. Одесская|1|5|ул. Одесская, дом 1
Ульяновск|ул. Одесская|1а|2|ул. Одесская, дом 1а
Ульяновск|ул. Одесская|3|1|ул. Одесская, ул. 40 летия Комсомола, 1-й пер. Одесский, пер. 40 летия Комсомола, 1-й пер. Тимуровский, 2-й пер. Тимуровский
Ульяновск|ул. Одесская|18|1|ул. Одесская, ул. Московская, ул. Победы, ул. Котовского, 1 пер. Одесский
Ульяновск|ул. Одесская|23а|5|ул. Одесская, ул. Брестская, ул. Марии Мусоровой, ул. 40-летия Комсомола, ул. Мелекесская, 3 пер. Советский, 4 пер. Советский, 2 пер. Максима Горького, 3 пер. Одесский, 1 пер. Днепро-Петровский, 2 пер. Днепро-Петровский, 3 пер. Днепропетровский, пер. Чердаклинский
Ульяновск|ул. Одесская|66|2|ул. Одесская, ул. Мелекесская, ул. XIX Партсъезда, ул. 40-летия Комсомола, ул. Чердаклинская, ул. Сакко и Ванцетти, 1 пер. Мелекесский, пер. Волгоградский, 3 пер. Днепропетровский, пер. Чердаклинский
Ульяновск|ул. Одесская (перекресток улиц Одесская и Тимуровская)|11|2|ул. Одесская, ул. Московская, ул. 40-летия Комсомола, ул. Победы, 3 пер. Советский, 4 пер. Советский, пер. 40- летия Комсомола, 2 пер. Одесский, 3 пер. Советский
Ульяновск|ул. Октябрьская|14|2|ул. Автозаводская, дом 43, ул. Октябрьская, дома 14, 16, 18, 18а, Западный Бульвар, дома 20, 22
Ульяновск|ул. Октябрьская|19|5|ул. Октябрьская, дома 17, 19
Ульяновск|ул. Октябрьская|32|1|ул. Октябрьская, дома 32, 32а, 36
Ульяновск|ул. Октябрьская|33||ул. Октябрьская, дома 31, 35, пр-кт 50-летия ВЛКСМ, дом 28
Ульяновск|ул. Октябрьская|41|3|ул. Октябрьская, дома 41, 43
Ульяновск|ул. Октябрьская|45|5|ул. Октябрьская, дома 45, 49, ул. Терешковой, дом 30
Ульяновск|ул. Октябрьская|59|9|ул. Октябрьская, дома 53, 53а, 55, 55а, 57, 59, ул. Полбина, дома 44а, 44, 46
Ульяновск|ул. Олега Кошевого|33||ул. Олега Кошевого, ул. Докучаева, дома 1, 5, 7, ул. Фурманова
Ульяновск|ул. Опытная|1|3|ул. Опытная, дома 1, 3
Ульяновск|ул. Опытная|11|3|ул. Опытная, дома 9, 11
Ульяновск|ул. Опытная|13|4|ул. Опытная, дом 13
Ульяновск|ул. Опытная|15|3|ул. Опытная, дом 15, ул. Гая
Ульяновск|ул. Орджоникидзе|53|5|ул. Розы Люксембург, дом 50, ул. Орджоникидзе, дома 53, 55, 57
Ульяновск|ул. Орджоникидзе|16|2|ул. Орджоникидзе, дом 16
Ульяновск|ул. Орджоникидзе|24|3|ул. Орджоникидзе, дом 24
Ульяновск|ул. Орджоникидзе|48|2|ул. Орджоникидзе, дом 48
Ульяновск|ул. Оренбургская|32|1|ул. Оренбургская, дома 30, 34
Ульяновск|ул. Оренбургская|36|4|ул. Оренбургская, дома 40, 42, 38
Ульяновск|ул. Оренбургская|54|1|ул. Оренбургская, дом 54
Ульяновск|ул. Оренбургская|58||ул. Оренбургская, дом 58
Ульяновск|ул. Оренбургская|44||
Ульяновск|ул. Орлова|8|1|ул. Орлова, дом 8
Ульяновск|ул. Орлова|41|3|ул. Орлова, дом 41
Ульяновск|ул. Островского|15|1|ул. Островского, дом 15
Ульяновск|ул. Островского|20|1|ул. Островского, дом 20
Ульяновск|ул. Островского|46|3|ул. Островского, дом 46
Ульяновск|ул. Островского|58|6|ул. Островского, дом 58
Ульяновск|ул. Отрадная| 14/2|5|ул. Отрадная, дом 14/2
Ульяновск|ул. Отрадная| 16/1|3|ул. Отрадная, дом 16/1
Ульяновск|ул. Отрадная|73|3|ул. Отрадная, дом 73
Ульяновск|ул. Панорамная|юго-западнее дома 33|2|ул. Алексея Наганова, дом 10А
Ульяновск|ул. Панферова|80|2|ул. Гладышева, ул. 40-летия Октября, ул. 9 Мая, ул. Панферова, ул. Врача Михайлова, 1 пер. 9 Мая, 2 пер. 9 Мая, 3 пер. 9 Мая, 4 пер. 9 Мая, пер. Широкий
Ульяновск|ул. Панферова|4|1|ул. Панферова, ул. Деева, 1 пер. Деева
Ульяновск|ул. Панферова|11|1|ул. Панферова, 1 пер. Деева, пер. Красина
Ульяновск|ул. Панферова|36||ул. Панферова, ул. 9 Мая, ул. Котовского, ул. Врача Михайлова, ул. Солнечная, пер. Кольцевой, 1 пер. Полевой, 2 пер. Полевой, 1 пер. 9 Мая
Ульяновск|ул. Пархоменко|17|2|ул. Пархоменко, дом 17
Ульяновск|ул. Пархоменко|38|2|ул. Пархоменко, дом 38
Ульяновск|ул. Пархоменко|67|3|ул. Пархоменко, дом 67
Ульяновск|ул. Пархоменко|96|2|ул. Пархоменко, дом 96
Ульяновск|ул. Первомайская|2|4|ул. Первомайская, дома 2, 4
Ульяновск|ул. Первомайская|55|1|ул. Первомайская
Ульяновск|ул. Пионерская|10|5|ул. Пионерская, дома 10, 9, ул. Металлистов, дома 16, 18, ул. Почтовая, дом 20
Ульяновск|ул. Пионерская|15|5|ул. Пионерская, дома 13, 15, 16, 18
Ульяновск|ул. Подлесная|25|3|ул. Подлесная
Ульяновск|ул. Пожарского|5|4|ул. Минина, дома 1, 3, 5, ул. Пожарского, дома 5, 5а, ул. Автозаводская, дом 63
Ульяновск|ул. Пожарского|31|4|ул. Пожарского, дома 29а, 31а, 33, 35
Ульяновск|ул. Полбина|11|2|ул. Полбина, дома 11, 14, 16, Западный бульвар, дома 6, 8
Ульяновск|ул. Полбина|36|5|ул. Полбина, дома 36, 36а, 38, 40, 42
Ульяновск|ул. Полбина|37|3|ул. Полбина, дома 35, 37, пр-т 50-летия ВЛКСМ, дома 10, 12, 14, 16, 20
Ульяновск|ул. Полбина|41|2|ул. Полбина, дома 41, 47
Ульяновск|ул. Полбина|55|6|ул. Полбина, дом 55
Ульяновск|ул. Поливенская|3|3|ул. Поливенская, дома 3, 7, 13, 15, 19, 21, 27, 29, 31, 33, 35
Ульяновск|ул. Привокзальная|5|1|ул. Привокзальная, дом 5
Ульяновск|ул. Привокзальная|11|1|ул. Привокзальная, дома 11, 13, 15
Ульяновск|ул. Призовая (в начале улицы)||4|ул. Призовая
Ульяновск|ул. Пролетарская|35|2|ул. Пролетарская, дом 35
Ульяновск|ул. Промышленная|38|4|ул. Рябикова, дома 22, 24, ул. Промышленная, дома 34, 40
Ульяновск|ул. Профсоюзная|1|2|ул. Профсоюзная
Ульяновск|ул. Профсоюзная|47/13|3|ул. Профсоюзная
Ульяновск|ул. Профсоюзная|48|3|ул. Профсоюзная
Ульяновск|ул. Профсоюзная|64|1|ул. Профсоюзная
Ульяновск|ул. Пушкарева|20||ул. Пушкарева, дом 14
Ульяновск|ул. Пушкарева|32|7|ул. Пушкарева, дом 32
Ульяновск|ул. Пушкарева|40|4|ул. Пушкарева, дом 36, 40, ул. Аблукова, дом 37
Ульяновск|ул. Рабочая|8|3|ул. Рабочая, дома 5, 6, 7, 8, 9
Ульяновск|ул. Радищева|16|2|ул. Радищева, дом 16
Ульяновск|ул. Радищева|84|3|ул. Радищева
Ульяновск|ул. Радищева|152|1|ул. Радищева, дом 152
Ульяновск|ул. Радищева|156/40|1|ул. Радищева, дом 156/40
Ульяновск|ул. Радищева|181|3|ул. Радищева, дома 173, 175, 177, 179, 179а, ул. Докучаева, дома 14, 16, 20
Ульяновск|ул. Радищева|153|3|ул. Радищева, дома 151, 153, 153А, 153Б, 155
Ульяновск|ул. Рейна|33|1|ул. Рейна, дом 33
Ульяновск|ул. Репина|20|1|ул. Репина
Ульяновск|ул. Робеспьера|118|2|ул. Робеспьера, дома 118, 120, 122
Ульяновск|ул. Робеспьера|41/2||ул. Робеспьера
Ульяновск|ул. Робеспьера|60|1|ул. Робеспьера
Ульяновск|ул. Робеспьера|81|2|ул. Робеспьера, дом 81 к. 2
Ульяновск|ул. Робеспьера|81|2|ул. Робеспьера, дом 81 к. 3
Ульяновск|ул. Робеспьера|100|2|ул. Робеспьера, дом 100
Ульяновск|ул. Розы Люксембург|5|2|ул. Розы Люксембург, дома 1, 3, 5, 5а
Ульяновск|ул. Розы Люксембург|13|2|ул. Розы Люксембург, дома 7, 9, 11, 13, 15, ул. Тимирязева, дома 42, 46
Ульяновск|ул. Розы Люксембург|16|2|ул. Розы Люксембург, дома 12, 12а, 14, 16, ул. Симбирская, дом 38
Ульяновск|ул. Розы Люксембург|19|2|ул. Розы Люксембург, дома 18, 19, 20, 21, 22, ул. Тимирязева, дом 47, ул. Бакинская, дом 44
Ульяновск|ул. Розы Люксембург|52|2|ул. Розы Люксембург, дома 52, 54
Ульяновск|ул. Российская|16|2|ул. Российская 
Ульяновск|ул. Российская|40|4|ул. Российская 
Ульяновск|ул. Российская|57|2|ул. Российская 
Ульяновск|ул. Российская|122|2|ул. Российская 
Ульяновск|ул. Ростовская|41|2|ул. Ростовская, дома 35, 37, 39, 41, 43, 45, 47, 49, пер. Октябрьский, дома 1а, 3, 5, 7
Ульяновск|ул. Ростовская|57||ул. Автозаводская, дома 40а, 42а, 44а, пер. Октябрьский, дом 6а, ул. Ростовская, дома 53, 55, 57
Ульяновск|ул. Ростовская|14|4|ул. Ростовская, дома 14, 16, 18
Ульяновск|ул. Рылеева|11|1|ул. Рылеева, дом 11
Ульяновск|ул. Рылеева|21|1|ул. Рылеева, дом 31
Ульяновск|ул. Рябикова|6|2|ул. Рябикова, дом 6
Ульяновск|ул. Рябикова|7|4|ул. Рябикова, дом 5, 7, ул. Стасова, дом 17
Ульяновск|ул. Рябикова|8|7|ул. Рябикова, дома 8, 10, ул. Стасова, дома 18, 20, 24
Ульяновск|ул. Рябикова|9|4|ул. Рябикова, дом 9, ул. Стасова, дом 26
Ульяновск|ул. Рябикова|20|4|ул. Рябикова, дома 18, 20, ул. Богдана Хмельницкого, дома 20, 22
Ульяновск|ул. Рябикова|38|7|ул. Рябикова, дома 32, 38, 36, ул. Кузоватовская, дома 23, 21, 19
Ульяновск|ул. Рябикова|46|7|ул. Рябикова, дома 46, 48, 50, 54, ул. Кузоватовская, дом 26
Ульяновск|ул. Рябикова|66 А|5|ул. Рябикова, дома 66, 66а
Ульяновск|ул. Рябикова|78|5|ул. Рябикова, дома 74, 78, 80, 82, 86, 88, ул. Камышинская, д.24
Ульяновск|ул. Рябикова|94|5|ул. Рябикова, дома 90, 94,  98, 100, 102, 104, ул. Отрадная, дома 50, 52, 54, 58, 60, 
Ульяновск|ул. Садовая|1|1|ул. Садовая
Ульяновск|ул. Самарская|24|1|1 пер. Отрадный, ул. Народная
Ульяновск|ул. Свердлова|15|1|ул. Свердлова, ул. 1 Мая
Ульяновск|ул. Свердлова|25|1|ул. Свердлова, пер. 1 Мая
Ульяновск|ул. Свердлова|41|1|ул. Свердлова
Ульяновск|ул. Свердлова|56|1|ул. Свердлова
Ульяновск|ул. Свияжская|20|3|ул. Свияжская
Ульяновск|ул. Северный Венец|2|3|ул. Северный Венец, дома 2, 4, 6, 8
Ульяновск|ул. Северный Венец|10|2|ул. Северный Венец, дома 10, 12
Ульяновск|ул. Северный Венец|24|4|ул. Северный Венец, дома 22, 24, 26, 28, ул. Радищева, дома 166, 170, 172, 174
Ульяновск|ул. Сельдинская|11||
Ульяновск|ул. Симбирская|4|2|пр-кт Нариманова, дома 50, 52, 54, 56, 58, 60, 64, ул. Фрунзе, дома 39, 43, 45, 47, ул. Симбирская, дом 1
Ульяновск|ул. Симбирская|32|2|ул. Симбирская, дом 32
Ульяновск|ул. Скринского|19|4|ул. Скринского, дом 19
Ульяновск|ул. Советской Армии| 1/9|2|ул. Пионерская, дома 12, 14, ул. Советской Армии, дома 1/9, 2, 3, 4
Ульяновск|ул. Солнечная|6|2|ул. Солнечная, дома 4, 6, 8, 12, 14, 16
Ульяновск|ул. Солнечная|17||ул. Солнечная, ул. Брестская, ул. Деева, 1 пер. Полевой, 2 пер. Полевой, 1 пер. Деева, 2 пер. Деева
Ульяновск|ул. Солнечная|99|3|ул. Солнечная, 1 пер. Гладышева, 1 пер. Калининградский, 2 пер. Калининградский
Ульяновск|ул. Солнечная|119|2|ул. Солнечная, ул. Оренбургская, 1 пер. Гладышева, 2 пер. Гладышева, 3 пер. Гладышева, 4 пер. Гладышева
Ульяновск|ул. Солнечная|16|2|ул. Гладышева, ул. Солнечная, ул. 9 Мая, 1 пер. 9 Мая, 1 пер. Калининградский, 1 пер. Гладышева, 1 пер. Полевой, 2 пер. Полевой
Ульяновск|ул. Спортплощадь|24|1|ул. Спортплощадь, дома 4, 6, 8, 24
Ульяновск|ул. Средний Венец|3|4|ул. Средний Венец, дома 1, 3, 5, 7, ул. Рылеева, дом 37
Ульяновск|ул. Средний Венец|13|1|ул. Средний Венец, дома 13, 11, 9
Ульяновск|ул. Средний Венец|17|1|ул. Средний Венец, дома 15, 17
Ульяновск|ул. Средний Венец|19|2|ул. Средний Венец, дом 19
Ульяновск|ул. Средний Венец|23|3|ул. Средний Венец, дома 19, 21, 23
Ульяновск|ул. Станкостроителей|13|5|ул. Станкостроителей,  дома 11, 13, ул. Ефремова, дом 31
Ульяновск|ул. Станкостроителей|21|7|ул. Станкостроителей, дома 17, 21, 23
Ульяновск|ул. Станкостроителей|25|2|ул. Станкостроителей, дом 25
Ульяновск|ул. Станкостроителей|25а|1|ул. Станкостроителей, дом 25а
Ульяновск|ул. Станционная|7|1|ул. Станционная, дом 7
Ульяновск|ул. Станционная|1|1|ул. Станционная
Ульяновск|ул. Старосвияжский Пригород|17|2|ул. Старосвияжский Пригород
Ульяновск|ул. Стасова|4|2|ул. Стасова, дом 4
Ульяновск|ул. Стасова|5|2|ул. Стасова, дома 3, 5, 7, ул. Герасимова, дома 41, 43, 45, ул. Ефремова, дом 10
Ульяновск|ул. Стасова|14|5|ул. Стасова, дома 14, 14а, ул. Ефремова, дома 15, 17, 19
Ульяновск|ул. Стасова|19|3|ул. Стасова, дом 19
Ульяновск|ул. Стасова|27|2|ул. Стасова, дом 27, ул. Севастопольская, дома 6, 8
Ульяновск|ул. Стасова|32|5|ул. Стасова, дома 28, 32
Ульяновск|ул. Строителей|2|4|ул. Строителей, дома 2, 4
Ульяновск|ул. Тельмана|2|2|ул. Тельмана, дом 2
Ульяновск|ул. Тельмана|20|4|ул. Тельмана, дом 18, 20, 22, 46 ул. 40-летия Октября, дом 9
Ульяновск|ул. Тельмана|28|3|ул. Тельмана, дома 26, 28, 30
Ульяновск|ул. Тенистая|2|1|ул. Тенистая
Ульяновск|ул. Терешковой|4|9|ул. Терешковой, дом 4, Московское шоссе, дома 63, 65
Ульяновск|ул. Терешковой|10|5|ул. Терешковой, дом 10, ул. Полбина, дома 49, 51
Ульяновск|ул. Терешковой|16|5|ул. Терешковой, дома 16, 20, 26, ул. Полбина, дом 28
Ульяновск|ул. Тимирязева|46|1|ул. Тимирязева, дом 46
Ульяновск|ул. Тимуровская|37|4|ул. Тимуровская, ул. Деева, пер. 40-летия Комсомола, 2 пер. Тимуровский, 3 пер. Тимуровский, 1 пер. Деева, 1 пер. Одесский
Ульяновск|ул. Тихая|2|1|ул. Тихая
Ульяновск|ул. Толбухина|8|5|ул. Толбухина
Ульяновск|ул. Толбухина|25|2|ул. Толбухина
Ульяновск|ул. Толбухина|57|4|ул. Толбухина
Ульяновск|ул. Толбухина|70|4|ул. Толбухина
Ульяновск|ул. Толбухина|82|4|ул. Толбухина
Ульяновск|ул. Транспортная|23|2|ул. Транспортная
Ульяновск|ул. Транспортная|26||ул. Транспортная
Ульяновск|ул. Транспортная|54||ул. Транспортная
Ульяновск|ул. Тургенева|10||ул. Тургенева, ул. Водопроводная
Ульяновск|ул. Тухачевского|15|4|ул. Тухачевского, дома 15, 17, 21, ул. Радищева, дома 124, 126
Ульяновск|ул. Тухачевского|42|3|ул. Тухачевского, дома 36, 38, 40, 42, 44, ул. Средний Венец, дома 33, 35
Ульяновск|ул. Ульяновская|15|2|ул. Ульяновская
Ульяновск|ул. Урицкого|96|1|ул. Урицкого, дома 96, 98, 94, 98а
Ульяновск|ул. Уютная|7|3|ул. Уютная, 1, 2, 4, 7, 8, 9, 10, 11, 12, частный сектор, магазин
Ульяновск|ул. Уютная|2|7|ул. Уютная, дом 2
Ульяновск|ул. Федерации|36|1|ул. Федерации
Ульяновск|ул. Федерации|59|4|ул. Федерации, дом 59
Ульяновск|ул. Федерации|114|1|ул. Федерации
Ульяновск|ул. Федерации|130а|4|ул. Федерации, дом 130а
Ульяновск|ул. Федерации|145|1|ул. Федерации
Ульяновск|ул. Федерации|150|6|ул. Федерации, дома 148, 150, ул. Новгородская, дома  7, 9, 11, ул. Розы Люксембург, дома 4, 6
Ульяновск|ул. Фруктовая|9|4|ул. Фруктовая, дом 9
Ульяновск|ул. Хрустальная|33|8|ул. Хрустальная, дома 33, 35, 37, ул. Варейкиса, дома 29, 31
Ульяновск|ул. Хрустальная|45|3|ул. Хрустальная, дома 43, 45
Ульяновск|ул. Хрустальная|56|2|ул. Хрустальная, дом 56
Ульяновск|ул. Циолковского|17||ул. Циолковского
Ульяновск|ул. Циолковского|43|5|ул. Циолковского
Ульяновск|ул. Чайковского|56|3|ул. Чайковского
Ульяновск|ул. Чайковского|82|1|ул. Чайковского
Ульяновск|ул. Чернышевского|2||ул. Чернышевская, ул. Вокзальная
Ульяновск|ул. Чистопрудная|6|3|ул. Чистопрудная, дома 2, 4, 6, 8, ул. Луговая, ул. Гражданская
Ульяновск|ул. Чистопрудная|12|2|ул. Чистопрудная, дома 10, 12, 14, 16, 22, ул. Юбилейная, ул. Ангарская
Ульяновск|ул. Шевченко|25|2|ул. Шевченко
Ульяновск|ул. Шевченко|99|3|ул. Шевченко, 95, 97, 99, 101, ул. Крымова, 4, 6, 8, 10, 31, 49, 55
Ульяновск|ул. Шоферов|10|3|ул. Шоферов, дом 10, ул. Краснопролетарская, дома 20, 22, 16, 18
Ульяновск|ул. Шпака||3|ТСЖ "Симбирский Посад": улицы Шпака, Кулакова, Разумовского, Шурова
Ульяновск|ул. Щорса|14|1|ул. Щорса
Ульяновск|ул. Энгельса|36|1|ул. Энгельса
Ульяновск|ул. Энгельса|46|1|ул. Энгельса
Ульяновск|ул. Южная|57||ул. Южная, пер. Водопроводный
Ульяновск|ул. Южная|135||ул. Южная, ул. Чернышевского
Ульяновск|ул. Юности|9|1|ул. Юности
Ульяновск|ул. Юности|11|1|ул. Юности
Ульяновск|ул. Юности|49|3|ул. Юности
Ульяновск|ул. Юности|53||ул. Юности
Ульяновск|ул. Якурнова|36|4|ул. Якурнова, дом 36
Ульяновск|ул. Ясная|1||ул. Ясная, ул. Лунная, пер. Ясный
ст. Белый Ключ|Ж/д Казарма||1|дома 8, 10
ст. Белый Ключ|ул. Кузнецова|В районе домов 1 и 2|1|дома 1, 2
с.Кротовка|ул. Труда|1Б||ул. Труда
с. Подгородная Каменка|Подгородная Каменка|11|2|с. Подгородная Каменка
с. Подгородная Каменка|Подгородная Каменка|51|1|с. Подгородная Каменка
с. Подгородная Каменка|Подгородная Каменка|62|2|с. Подгородная Каменка
с. Отрада|ул. Зеленая|1||ул. Зеленая
с. Отрада|ул. Мира|4|8|ул. Мира
с. Отрада|ул. Новая|1||ул. Новая
с. Отрада|ул. Новая|20|2|ул. Новая
с. Отрада|ул. Рябиновая|2||ул. Рябиновая
с. Отрада|ул. Центральная|1||ул. Центральная
с. Луговое|пересечение ул. Дорожной и ул.Троицкой|||2-ой пер. Покровский, д. 27, 1 пер. Михайловский, д.10, 1 пер. Покровский, д. 25, ул. Георгиевская, д. 23/13, пер. Новоселов, д. 3
с. Луговое|ул. Дорожная|7|3|ул. Дорожная, дома 7, 9, 40, 42, 44
с. Луговое|ул. Молодежная|2|4|ул. Молодежная, дома 1, 2, 3, 4, 5, 6, 7
с. Луговое|ул. Полевая||1|ул. Полевая, дома 38, 40, 42
с. Луговое|ул. Пролетарская|30|2|ул. Пролетарская, дома 26, 28, 30
с. Луговое|ул. Советская|43а|3|ул. Советская, дома 31, 33, 35, 34, 36, 38
с. Луговое|ул. Солнечная|2|3|ул. Солнечная, дома 1, 2, 3, 4
с. Луговое|ул. Хваткова|15|3|ул. Хваткова, дома 13, 15, ул. Советская, дома 2, 3, 4, 5
с. Лаишевка|ул. Весёлая|4|4|ул. Пензенская, ул. Репнина, ул. Саши Ковалёва, ул. Гаджиева, ул. Колышкина, ул. Сафонова, 3-й массив "Северянка"
с. Лаишевка|ул. Молодежная|2|2|ул. Молодежная
с. Лаишевка|ул. Новая|1|3|ул. Новая
с. Лаишевка|ул. Новая|11|1|ул. Новая
с. Лаишевка|ул. Пензенская|8|2|ул. Пензенская
с. Лаишевка|ул. Пензенская|18|4|ул. Пензенская
с. Лаишевка|ул. Пензенская|43|3|ул. Пензенская
с. Лаишевка|ул. Пензенская|66|2|ул. Пензенская
с. Лаишевка|ул. Полевая|2|3|ул. Полевая
с. Лаишевка|ул. Полевая|16|2|ул. Полевая
с. Лаишевка|ул. Полевая|27|1|ул. Полевая
с. Лаишевка|ул. Садовая|18|2|
с. Лаишевка|ул. Советская|13|6|ул. Садовая
с. Лаишевка|ул. Советская|14|6|ул. Садовая
с. Лаишевка|ул. Школьная|2|2|ул. Школьная
с. Лаишевка|ул. Школьная|23|3|ул. Школьная
с. Лаишевка|ул. Школьная|47|6|ул. Школьная
с. Лаишевка|ул. Школьная|83|2|ул. Школьная
с. Лаишевка|ул. Школьная|82А|4|ул. Мира, ул. Школьная, ул. Климова, ул. Адонкина, ул. Тарасова,  ул. Малиновая
с. Кротовка|ул. Заводская|6||ул. Заводская
с. Кротовка|ул. Заводская|11||ул. Заводская
с. Кротовка|ул. Лесная|50|1|ул. Лесная
с. Кротовка|ул. Магистральная|8||ул. Магистральная
с. Кротовка|ул. Магистральная|16|2|ул. Магистральная
с. Кротовка|ул. Мира|1||ул. Мира
с. Кротовка|ул. Новая|25||ул. Новая
с. Кротовка|ул. Родниковая|10||ул. Родниковая
с. Кротовка|ул. Садовая|27||ул. Садовая
с. Кротовка|ул. Советская|6||ул. Советская
с. Кротовка|ул. Советская|16|3|ул. Советская
с. Кротовка|ул. Советская|29||ул. Советская
с. Кротовка|ул. Советская|37||ул. Советская
с. Кротовка|ул. Степная||1|ул. Степная
с. Кротовка|ул. Центральная|4||ул. Центральная
с. Кротовка|ул. Центральная|||ул. Центральная
с. Карлинское|пер. Железнодорожный|6|1|пер. Железнодорожный
с. Карлинское|ул. Ватутина|2|1|ул. Ватутина
с. Карлинское|ул. Ватутина|28|1|ул. Ватутина
с. Карлинское|ул. Ватутина|33|1|ул. Ватутина
с. Карлинское|ул. Ватутина|57|1|ул. Ватутина
с. Карлинское|ул. Ватутина|74|1|ул. Ватутина
с. Карлинское|ул. Дорожная (у общежития)||2|ул. Дорожная
с. Карлинское|ул. Железнодорожная|10|3|ул. Железнодорожная
с. Карлинское|ул. Железнодорожная|67|1|ул. Железнодорожная
с. Карлинское|ул. Покровская|1|2|ул. Покровская
с. Карлинское|ул. Полевая|12|2|ул. Полевая
с. Карлинское|ул. Советская|12|2|ул. Советская
с. Карлинское|ул. Советская|28|1|ул. Советская
с. Карлинское|ул. Советская|40|2|ул. Советская
с. Карлинское|ул. Советская|70|2|ул. Советская
с. Карлинское|ул. Советская|86|1|ул. Советская
с. Карлинское|ул. Советская|100|1|ул. Советская
с. Карлинское|ул. Центральная Усадьба|3||ул. Центральная Усадьба
с. Карлинское|ул. Центральная Усадьба|32|4|ул. Центральная Усадьба
с. Белый Ключ|1 ул. Садовая||2|1 ул. Садовая
с. Белый Ключ|2 ул. Садовая|67|2|2 ул. Садовая
с. Белый Ключ|ул. Автодорожная||3|ул. Ленина, дом 1, ул. Автодорожная, дома 2, 3, 5
с. Белый Ключ|ул. Гагарина|19|2|ул. Гагарина, дома 13, 15, 17, 19, 21
с. Белый Ключ|ул. Гагарина|63|2|ул. Гагарина, дома 56, 61, 63
с. Белый Ключ|ул. Геологов|9|2|ул. Геологов, дома 9, 7, 10, 14, ул. Нефтеразведчиков, дома 14, 15, 
с. Белый Ключ|ул. Геологов|16|3|ул. Геологов, дома 16, 25, ул. Нефтеразведчиков, дома 14, 16, 18
с. Белый Ключ|ул. Ленина|40а|4|ул. Ленина, дома 40 А, 42, 44, 1 ул. Садовая, дом 1А
с. Белый Ключ|ул. Ленина|105|3|ул. Ленина, дом 101, 105, 107
с. Баратаевка|пересечение ул. Садовая и ул. Герасимова|||ул. Садовая, ул. Герасимова
с. Баратаевка|ул. Гагарина|9|3|ул. Гагарина
с. Баратаевка|ул. Герасимова|3|1|ул. Герасимова
с. Баратаевка|ул. Герасимова|5|2|ул. Герасимова
с. Баратаевка|ул. Герасимова|7|3|ул. Герасимова
с. Баратаевка|ул. Герасимова|11|4|ул. Герасимова
с. Баратаевка|ул. Герасимова|19||ул. Герасимова
с. Баратаевка|ул. Зеленая|4|2|ул. Зеленая
с. Баратаевка|ул. Луговая|2|1|ул. Луговая
с. Баратаевка|ул. Луговая|7||ул. Луговая
с. Баратаевка|ул. Луговая|20|1|ул. Луговая
с. Баратаевка|ул. Луговая|25||ул. Луговая
с. Баратаевка|ул. Луговая|26|1|ул. Луговая
с. Баратаевка|ул. Мира|3|2|ул. Мира
с. Баратаевка|ул. Мира|16|2|ул. Мира
с. Баратаевка|ул. Мира|31|2|ул. Мира
с. Баратаевка|ул. Мира|56|2|ул. Мира
с. Баратаевка|ул. Мира|73|1|ул. Мира
с. Баратаевка|ул. Мира|92|2|ул. Мира
с. Баратаевка|ул. Мира|109|2|ул. Мира
с. Баратаевка|ул. Мира|129|2|ул. Мира
с. Баратаевка|ул. Мира|151|2|ул. Мира
с. Баратаевка|ул. Мира|167||ул. Мира
с. Баратаевка|ул. Мира|196|4|ул. Мира
с. Баратаевка|ул. Молодежная|1||ул. Молодежная
с. Баратаевка|ул. Молодежная|17||ул. Молодежная
с. Баратаевка|ул. Новая|30||ул. Новая
с. Баратаевка|ул. Новая|33||ул. Новая
с. Баратаевка|ул. Новая|35а||ул. Новая
с. Баратаевка|ул. Садовая|8||ул. Садовая
с. Баратаевка|ул. Тепличная|1|2|ул. Тепличная
с. Арское|ул. Мира|4|2|ул. Мира
с. Арское|ул. Мира (у церкви)||2|ул. Мира
с. Арское|ул. Цветочная||3|ул. Цветочная
с. Арское|ул. Центральная|8|2|ул. Центральная
с. Арское|ул. Школьная|13|2|ул. Школьная
п.Борьба|||5|п. Борьба
п.Борьба|||5|п. Борьба
п. Туть|ул. Герцена|1||ул. Герцена
п. Туть|ул. Транспортная|6|3|ул. Транспортная
п. Туть|ул. Транспортная|22||ул. Транспортная
п. Туть|ул. Транспортная|56||ул. Транспортная
п. Туть|ул. Тургенева|10||ул. Тургенева
п. Туть|ул. Чернышевского|1||ул. Чернышевского
п. Туть|ул. Чернышевского|35||ул. Чернышевского
п. Туть|ул. Южная|44||ул. Южная
п. Туть|ул. Южная|126||ул. Южная, ул. Тургенева
п. Сельдь|1 пер. Сурова|4|2|1 пер. Сурова
п. Сельдь|ул. Добрая|33|3|ул. Добрая
п. Сельдь|ул. Красносельская|12|3|ул. Сурова  
п. Сельдь|ул. Красносельская|50|1|ул. Красносельская
п. Сельдь|ул. Новосельдинская|1||ул. Новосельдинская
п. Сельдь|ул. Новосельдинская|33|1|ул. Новосельдинская
п. Сельдь|ул. Старосельдинская|16|3|ул. Старосельдинская
п. Сельдь|ул. Старосельдинская|47|2|ул. Старосельдинская
п. Сельдь|ул. Старосельдинская|81|1|ул. Старосельдинская
п. Сельдь|ул. Старосельдинская|88|2|ул. Старосельдинская
п. Сельдь|ул. Ученическая|10|6|ул. Ученическая
п. Пригородный|пер. Садовый|4|2|пер. Садовый, дома 2, 4
п. Пригородный|ул. Железнодорожная|11|2|ул. Железнодорожная, дома 9, 11, 13
п. Пригородный|ул. Зеленая|3|3|ул. Зеленая, дом 2, 3, 4, 5
п. Пригородный|ул. Молодёжная|13|2|ул. Молодёжная, дома 13, 15, 17
п. Пригородный|ул. Молодёжная|27|2|ул. Молодёжная, дома 27, 29
п. Пригородный|ул. Поэта Садовникова|1|2|ул. Поэта Садовникова
п. Пригородный|ул. Садовая|20|1|ул. Садовая, дом 15, 17, 18, 20
п. Пригородный|ул. Фасадная|14|1|ул. Фасадная, дом 14
п. Пригородный|ул. Фасадная|16|3|ул. Фасадная, дома 16, 18, 20, ул. Школьная, дом 1
п. Пригородный|ул. Фасадная|29|2|ул. Фасадная, дома 27, 29, 31
п. Пригородный|ул. Фасадная|4|2|ул. Фасадная, дом 1, 2, 3, 3а, 4, 4а, пос. Пригородный
п. Пригородный|ул. Школьная|9|3|ул. Школьная, дом 8, 9, 11
п. Плодовый|1 пер. Плодовый||2|1 пер. Плодовый, ул. Садовая, дома 1, 2, 3, 4
п. Плодовый|ул. Береговая|6|3|ул. Береговая, дома 5, 6, 7, 8, 9
п. Плодовый|ул. Мичурина|4|2|ул. Мичурина, дома 4, 5, 6
п. Плодовый|ул. Строительная|1|3|ул. Строительная, дома 1, 2, 3, 4, 6
п. Плодовый|ул. Центральная|6|3|ул. Центральная, дома 2, 4, 6, 8, ул. Первомайская, дома 5, 7, 9
п. Лесная Долина|На въезде|||п. Лесная Долина
п. Карамзина|ул. Центральная|9|3|ул. Центральная, дома 8, 9, 10, 29, 33
п. Карамзина|ул. Южная|4а|1|ул. Южная, дом 4а
п. Карамзина|ул. Южная|23|1|ул. Южная, дом 19, 21, 23
п. Загородный|ул. Центральная|1|2|п. Загородный, ул. Центральная, п. Опытное поле, ул. Профсоюзная, дома 43, 45б, 49
п. Дачный|пер. Степной||2|пер. Степной
п. Дачный|ул. Карлинская|1|1|ул. Карлинская
п. Дачный|ул. Сельдинская|8|2|ул. Сельдинская
п. Дачный|ул. Сельдинская|16|2|ул. Сельдинская
п. Дачный|ул. Сельдинская|25|2|ул. Сельдинская
п. Дачный|ул. Сельдинская|26|3|ул. Сельдинская
п. Дачный|ул. Сельдинская|54|2|ул. Сельдинская
п. Дачный|ул. Сельдинская|58|2|ул. Сельдинская
п. Дачный|ул. Сельдинская|64|3|ул. Сельдинская
п. Дачный|ул. Степная|33а||ул. Степная
п. Дачный|ул. Степная (у реки)|3|3|ул. Степная
п. Дачный|ул. Ялтинская|20|4|ул. Ялтинская
п. Вырыпаевка|1 пер. Алашеева|5|1|2 пер. Алашеева
п. Вырыпаевка|1 пер. Буторлиных|10|2|2 пер. Буторлиных
п. Вырыпаевка|1 пер. Буторлиных|24|2|2 пер. Буторлиных
п. Вырыпаевка|1 пер. Красноярский|5|1|2 пер. Красноярский
п. Вырыпаевка|2 пер. Алашеева|28|3|3 пер. Алашеева
п. Вырыпаевка|2 пер. Буторлиных|16|2|3 пер. Буторлиных
п. Вырыпаевка|пер. Богданова|12|1|пер. Богданова
п. Вырыпаевка|пер. Совхозный|49г|1|пер. Совхозный
п. Вырыпаевка|пересечение ул. Ташлинская и ул. Студенческая||4|ул. Ташлинская, ул. Студенческая
п. Вырыпаевка|ул. Алашеева|29|3|ул. Алашеева
п. Вырыпаевка|ул. Алашеева|47|4|ул. Алашеева, ул. Красноярская
п. Вырыпаевка|ул. Алашеева (у почты)||4|ул. Алашеева
п. Вырыпаевка|ул. Богданова|1|2|ул. Богданова
п. Вырыпаевка|ул. Богданова|32|2|ул. Богданова
п. Вырыпаевка|ул. Богданова|43|4|ул. Богданова
п. Вырыпаевка|ул. Горина|5|1|ул. Горина
п. Вырыпаевка|ул. Горина|43|1|ул. Горина
п. Вырыпаевка|ул. Горина|51|1|ул. Горина
п. Вырыпаевка|ул. Кадьяна|3|4|ул. Кадьяна
п. Вырыпаевка|ул. Кадьяна|13|2|ул. Кадьяна
п. Вырыпаевка|ул. Красноярская|107|2|ул. Красноярская
п. Вырыпаевка|ул. Красноярская|121|2|ул. Красноярская
п. Вырыпаевка|ул. Красноярская|131|2|ул. Красноярская
п. Вырыпаевка|ул. Красноярская|147|2|ул. Красноярская
п. Вырыпаевка|ул. Овражная|23|1|ул. Овражная
п. Вырыпаевка|ул. Отрадная|30|5|ул. Отрадная
п. Вырыпаевка|ул. Отрадная|38|1|ул. Отрадная
п. Вырыпаевка|ул. Прокофьева|4|4|ул. Прокофьева
п. Вырыпаевка|ул. Прокофьева|31|2|ул. Прокофьева
п. Вырыпаевка|ул. Прокофьева|57|3|ул. Прокофьева
п. Вырыпаевка|ул. Прокофьева|93|3|ул. Прокофьева
п. Вырыпаевка|ул. Прокофьева|96|3|ул. Прокофьева
п. Вырыпаевка|ул. Прокофьева|128|2|ул. Прокофьева
п. Вырыпаевка|ул. Самарская|117|2|ул. Самарская
п. Вырыпаевка|ул. Самарская|121|2|ул. Самарская
п. Вырыпаевка|ул. Самарская|125|2|ул. Самарская
п. Вырыпаевка|ул. Самарская|136|2|ул. Самарская
п. Вырыпаевка|ул. Самарская|168|2|ул. Самарская
п. Вырыпаевка|ул. Ташлинская|2|3|ул. Ташлинская
п. Вырыпаевка|ул. Ташлинская|5|1|ул. Ташлинская
п. Вырыпаевка|ул. Ташлинская|42|3|ул. Ташлинская
п. Вырыпаевка|ул. Ташлинская|70|2|ул. Ташлинская
п. Вырыпаевка|ул. Ташлинская|89|2|ул. Ташлинская
п. Вырыпаевка|ул. Ташлинская|111|3|ул. Ташлинская
д. Протопоповка|д. Протопоповка||5|с. Протопоповка
д. Погребы|ул. Мира||1|д. Погребы
д. Кувшиновка|ул. Кооперативная (в районе обелиска)||2|ул. Свободы, дома 30, 32, 34, ул. Кооперативная, дома 52, 54
д. Кувшиновка|ул. Свободы|4|1|ул. Свободы, дома 2, 4, 5, 6, 7
д. Кувшиновка|ул. Свободы|29|3|ул. Свободы, дома 28, 29, 30, 31
д. Кувшиновка|ул. Свободы (в районе пруда)||2|ул. Новая, дома 1, 2, 3, 4
